IDNO,BODYFAT,WEIGHT(Pound),HEIGHT(Inch),ADIPOSITY,Chest(Inch),Abdomen(Inch),Hip(Inch),Ankle(Inch),Forearm(Inch),Wrist(Inch)
1,12.6,154.25,67.75,23.7,36.65,33.54,37.2,8.62,10.79,6.73
2,6.9,173.25,72.25,23.4,36.85,32.68,38.86,9.21,11.38,7.17
3,24.6,154,66.25,24.7,37.72,34.61,39.06,9.45,9.92,6.54
4,10.9,184.75,72.25,24.9,40.08,34.02,39.84,8.98,11.57,7.17
5,27.8,184.25,71.25,25.6,38.31,39.37,40.12,9.45,10.91,6.97
6,20.6,210.25,74.75,26.5,41.14,37.17,42.44,10.08,12.05,7.4
7,19,181,69.75,26.2,41.38,35.71,39.49,9.02,10.94,6.97
8,12.8,176,72.5,23.6,39.21,34.84,38.23,9.13,11.42,7.4
9,5.1,191,74,24.6,39.72,32.48,39.33,9.37,12.24,7.17
10,12,198.25,73.5,25.8,39.21,34.88,40.98,9.84,11.81,7.56
11,7.5,186.25,74.5,23.6,39.96,32.91,38.66,9.92,11.57,7.28
12,8.5,216,76,26.3,40.79,35.79,42.4,10.2,11.89,7.48
13,20.5,180.5,69.5,26.3,40.16,36.06,40.91,8.46,11.26,6.97
14,20.8,205.25,71.25,28.5,40.98,40.08,42.76,9.33,12.44,7.4
15,21.7,187.75,69.5,27.4,39.88,37.95,39.41,9.09,12.01,7.17
16,20.5,162.75,66,26.3,39.02,36.54,39.06,8.54,10.39,6.65
17,28.1,195.75,71,27.3,40.12,37.95,41.42,9.09,12.13,6.81
18,22.4,209.25,71,29.2,42.36,38.39,42.13,9.61,12.44,7.6
19,16.1,183.75,67.75,28.2,42.05,35.28,40.31,9.02,12.01,7.28
20,16.5,211.75,73.5,27.6,41.81,39.57,42.91,9.45,11.85,7.17
21,19,179,68,27.3,40.67,37.76,41.3,8.7,11.93,7.24
22,15.3,200.5,69.75,29.1,43.86,38.9,41.26,9.69,12.91,7.83
23,15.7,140.25,68.25,21.2,33.86,30.08,37.24,8.74,10.2,6.57
24,17.6,148.75,70,21.4,34.13,31.5,36.77,8.7,10.51,6.73
25,14.2,151.25,67.75,23.2,35.51,30.04,37.72,9.02,11.02,6.93
26,4.6,159.25,71.5,21.9,35.28,31.38,37.99,8.86,11.1,6.97
27,8.5,131.5,67.5,20.3,34.88,29.37,33.58,8.43,10.63,6.5
28,22.4,148,67.5,22.9,38.35,34.92,37.28,8.27,10.47,6.69
29,4.7,133.25,64.75,22.4,36.81,29.09,34.84,8.39,10.98,6.77
30,9.4,160.75,69,23.8,38.35,32.87,38.86,8.9,10.51,6.93
31,12.3,182,73.75,23.6,39.57,34.92,39.29,13.35,10.91,7.24
32,6.5,160.25,71.25,22.2,36.81,33.27,39.61,8.46,10.39,7.05
33,13.4,168,71.25,23.3,36.61,31.14,37.2,9.65,11.81,7.4
34,20.9,218.5,71,30.5,43.98,39.57,42.64,9.92,12.4,7.36
35,31.1,247.25,73.5,32.2,46.06,45.51,45.71,10.35,12.48,7.76
36,38.2,191.75,65,32,46.65,44.53,44.8,8.62,11.73,6.69
37,23.6,202.25,70,29.1,41.93,39.72,41.81,8.9,12.05,7.48
38,27.5,196.75,68.25,29.7,41.57,38.9,41.26,9.72,12.01,7.64
39,33.8,363.15,72.25,48.9,53.62,58.31,58.15,11.65,11.42,8.43
40,31.3,203,67,31.8,45.2,42.56,40.35,9.72,12.2,7.2
41,33.1,262.75,68.75,39.1,50.51,49.68,49.45,10.47,12.87,8.43
42,31.7,205,69.5,29.9,41.73,41.06,45.47,9.33,11.3,6.85
43,30.4,217,70,31.2,44.61,43.78,44.92,9.84,11.73,7.24
44,30.8,212,71.5,29.2,41.97,41.06,41.73,9.06,12.4,7.4
45,8.4,125.25,68,19.1,33.5,29.92,34.72,8.27,9.09,6.34
46,14.1,164.25,73.25,21.3,38.03,32.09,38.27,9.21,10.79,7.2
47,11.2,133.5,67.5,20.6,34.72,29.02,34.84,8.86,10.31,6.81
48,6.4,148.5,71.25,20.6,35.35,31.3,36.5,8.62,10.55,7.05
49,13.4,135.75,68.5,20.4,36.34,32.83,35.59,8.11,10.04,6.42
50,5,127.5,66.75,20.2,32.83,27.72,34.33,8.62,10.16,6.61
51,10.7,158.25,72.25,21.3,35.51,34.13,38.7,8.82,10.16,6.81
52,7.4,139.25,69,20.6,35.12,30.67,35.83,8.27,10.28,6.77
53,8.7,137.25,67.75,21.1,35.31,32.28,35.08,8.43,10.24,6.65
54,7.1,152.75,73.5,19.9,36.73,31.34,36.06,8.9,10.79,7.28
55,4.9,136.25,67.5,21.1,34.49,30.55,34.88,8.86,10.83,7.28
56,22.2,198,72,26.9,42.36,39.37,39.21,8.66,11.89,7.44
57,20.1,181.5,68,27.6,39.37,39.29,40.35,8.86,11.14,7.28
58,27.1,201.25,69.5,29.3,43.9,41.02,41.65,8.94,12.17,7.56
59,30.4,202.5,70.75,28.4,45.43,41.46,38.19,8.86,11.34,7.17
60,24,179.75,65.75,29.2,41.26,38.7,39.21,9.02,11.65,7.28
61,25.4,216,73.25,28.2,44.21,41.26,40.59,9.09,12.52,7.95
62,28.8,178.75,68.5,26.8,40.51,37.28,39.68,8.7,11.73,7.2
63,29.6,193.25,70.25,27.6,42.36,40.31,39.13,9.29,11.77,7.52
64,25.1,178,67,27.9,41.46,39.25,39.25,8.94,11.42,7.4
65,31,205.5,70,29.5,41.46,41.54,42.64,9.72,12.24,7.24
66,28.9,183.5,67.5,28.3,40.55,39.49,41.02,8.94,11.85,7.36
67,21.1,151.5,70.75,21.3,35.43,33.03,36.97,8.54,10.79,6.85
68,14,154.75,71.5,21.3,37.56,34.09,36.14,8.46,10.79,7.36
69,7.1,155.25,69.25,22.8,35.16,30.87,37.83,8.82,11.06,7.13
70,13.2,156.75,71.5,21.6,37.17,33.31,37.13,8.5,10.67,6.81
71,23.7,167.5,71.5,23.1,38.43,36.02,38.78,8.82,10.75,7.32
72,9.4,146.75,68.75,21.9,34.84,32.6,37.6,8.5,10.75,7.2
73,9.1,160.75,73.75,20.8,36.85,32.64,37.91,9.09,10.75,7.17
74,13.7,125,64,21.5,34.53,29.92,34.88,7.52,10.12,6.65
75,12,143,65.75,23.3,36.77,32.8,36.61,8.23,10.63,6.61
76,18.3,148.25,67.5,22.9,36.06,32.2,37.32,8.43,10.63,7.2
77,9.2,162.5,69.5,23.7,36.06,31.02,37.13,9.53,11.5,7.13
78,21.7,177.75,68.5,26.7,40.16,37.4,38.7,8.58,10.12,7.4
79,21.1,161.25,70.25,23,37.95,37.56,39.09,8.46,10.55,7.2
80,18.6,171.25,69.25,25.1,40.43,38.82,39.45,8.94,11.3,7.48
81,30.2,163.75,67.75,25.1,38.46,37.72,38.23,9.33,10.71,7.48
82,26,150.25,67.25,23.4,38.23,35.04,38.15,8.66,9.92,6.97
83,18.2,190.25,72.75,25.3,40.59,38.5,39.21,9.06,11.65,7.48
84,26.2,170.75,70,24.5,40.08,37.36,37.4,9.49,10.75,7.56
85,26.1,168,69.25,24.7,39.92,39.29,37.87,8.66,10.35,7.09
86,25.8,167,67.5,26,38.94,35.31,37.87,13.27,10.91,7.17
87,15,157.75,67.25,24.6,38.39,34.68,38.15,8.58,11.02,7.4
88,22.6,160,65.75,26,41.06,35.79,36.93,9.17,11.18,7.13
89,8.8,176.75,72.5,23.7,38.31,33.86,39.09,9.37,11.54,7.4
90,14.3,176,73,23.3,38.07,34.06,38.7,9.61,11.65,7.36
91,20.2,177,70,25.4,39.25,37.64,40.24,8.86,10.91,6.97
92,18.1,179.75,69.5,26.2,40.12,36.69,39.61,9.09,11.18,7.4
93,9.2,165.25,70.5,23.4,38.27,32.72,37.56,8.7,11.1,7.24
94,24.2,192.5,71.75,26.3,41.97,38.39,39.61,9.65,11.65,7.52
95,9.6,184.25,74.5,23.4,39.21,34.96,39.92,9.69,10.98,7.01
96,17.3,224.5,77.75,26.1,44.57,39.06,42.32,9.13,12.13,8.03
97,10.1,188.75,73.25,24.8,39.02,36.06,40.31,9.02,11.85,7.28
98,11.1,162.5,66.5,25.9,39.13,34.13,37.87,9.17,10.94,7.17
99,17.7,156.5,68.25,23.7,37.44,34.72,36.54,8.62,10.83,7.17
100,21.7,197,72,26.7,42.32,37.01,40.83,8.78,12.17,7.2
101,20.8,198.5,73.5,25.9,41.93,37.4,40.04,8.78,12.2,7.32
102,20.1,173.75,72,23.6,39.02,36.22,38.7,8.82,10.31,6.69
103,19.8,172.75,71.25,24,38.07,35.12,38.7,9.13,11.5,7.24
104,21.9,196.75,73.75,25.5,40.75,37.6,40,10,11.93,7.76
105,24.7,177,69.25,26,40.94,38.82,39.17,8.66,10.71,6.97
106,17.8,165.5,68.5,24.8,36.65,34.37,38.03,9.76,11.57,7.4
107,19.1,200.25,73.5,26,41.42,40.47,40.79,9.25,11.22,7.13
108,18.2,203.25,74.25,26,43.31,40,39.65,9.21,11.65,7.52
109,17.2,194,75.5,24,43.35,34.92,40.2,9.76,12.09,7.56
110,21,168.5,69.25,24.7,38.5,36.34,39.61,8.98,10.24,6.81
111,19.5,170.75,68.5,25.6,37.91,35.67,39.09,8.78,11.1,7.13
112,27.1,183.25,70,26.3,42.52,41.34,40.55,9.29,10.94,6.85
113,21.6,178.25,70,25.6,39.25,37.4,38.82,9.41,12.24,7.8
114,20.9,163,70.25,23.3,36.81,35.28,39.29,8.62,10.87,6.85
115,25.9,175.25,71.75,24,39.65,36.38,38.39,8.58,10.75,6.89
116,16.7,158,69.25,23.4,38.19,34.09,36.46,8.7,10.35,6.81
117,19.8,177.25,72.75,23.6,37.8,35.43,39.25,8.98,11.02,7.13
118,14.1,179,72,24.3,39.06,35.43,37.95,9.17,11.73,7.68
119,25.1,191,74,24.6,37.56,36.38,41.06,9.76,11.61,7.28
120,17.9,187.5,72.25,25.3,40.08,34.45,39.76,9.65,11.26,7.09
121,27,206.5,74.5,26.2,41.06,39.06,40.98,9.69,12.28,7.68
122,24.6,185.25,71.5,25.5,39.06,38.62,39.92,9.13,11.65,7.24
123,14.8,160.25,68.75,23.9,39.09,32.8,38.39,8.9,11.02,6.93
124,16,151.5,66.75,23.9,37.01,33.9,37.48,8.7,10.83,6.93
125,14,161,66.5,25.6,38.94,33.11,37.01,9.25,11.5,7.09
126,17.4,167,67,26.2,39.76,35.39,39.37,8.62,11.89,6.93
127,26.4,177.5,68.75,26.4,38.86,36.26,38.78,8.74,11.93,6.77
128,17.4,152.25,67.75,23.4,37.76,30.71,36.69,8.19,11.1,6.85
129,20.4,192.25,73.25,25.2,40.91,36.81,39.17,8.58,11.65,7.13
130,15,165.25,69.75,23.9,37.87,34.25,38.5,8.74,10.94,6.97
131,18,171.75,71.5,23.7,38.5,35.47,37.72,9.13,10.43,6.93
132,22.2,171.25,70.5,24.3,37.24,35.55,39.02,9.06,11.18,6.73
133,23.1,197,73.25,25.8,40.79,39.29,40.63,8.9,11.26,7.05
134,25.3,157,66.75,24.8,39.53,35.2,36.34,8.07,11.54,6.81
135,23.8,168.25,69.5,24.5,38.74,34.33,38.74,9.06,11.73,7.13
136,26.3,186,69.75,26.8,41.18,39.8,40.2,8.94,11.34,6.93
137,21.4,166.75,70.75,23.5,36.57,33.9,37.64,8.82,11.14,6.73
138,28.4,187.75,74,24.1,38.5,38.82,39.61,9.37,11.18,6.97
139,21.8,168.25,71.25,23.3,38.7,34.84,38.7,8.86,10.79,6.93
140,20.1,212.75,75,26.6,41.22,41.97,42.4,9.65,11.73,7.36
141,24.3,176.75,71,24.6,38.82,36.65,40,8.5,10.98,6.54
142,18.1,173.25,69.5,25.3,39.17,36.61,39.09,8.66,11.22,7.01
143,22.7,167,67.75,25.6,40.43,35.83,38.94,8.78,10.83,7.05
144,9.9,159.75,72.25,21.6,36.26,30.35,36.97,8.94,10.71,7.17
145,10.8,188.15,77.5,22.1,38.03,33.58,40.35,9.13,11.69,7.2
146,14.4,156,70.75,21.9,36.5,32.24,37.52,8.66,11.14,6.81
147,19,208.5,72.75,27.7,40.16,39.02,43.35,9.92,11.93,7.36
148,28.6,206.5,69.75,29.8,43.66,39.57,41.81,9.69,11.69,7.24
149,6.1,143.75,72.5,19.3,36.34,30.12,36.26,8.66,9.92,6.65
150,24.5,223,70.25,31.8,44.92,42.05,44.84,9.72,11.97,7.24
151,9.9,152.25,69,22.5,36.57,30.55,36.81,8.03,11.42,7.01
152,19.1,241.75,74.5,30.7,42.64,40.51,45.04,9.88,13.31,7.72
153,10.6,146,72.25,19.7,34.84,28.66,35.87,9.37,10.35,6.85
154,16.5,156.75,67.25,24.4,37.01,34.72,37.48,8.98,11.14,7.05
155,20.5,200.25,73.5,26.1,39.8,39.41,41.34,9.8,11.5,7.64
156,17.2,171.5,75.25,21.6,36.26,32.87,38.7,8.54,10.91,6.97
157,30.1,205.75,69,30.4,41.57,41.34,41.89,9.92,12.09,7.52
158,10.5,182.5,72.25,24.6,38.78,35.75,40.35,9.84,11.02,7.32
159,12.8,136.5,68.75,20.3,34.92,30.16,35.35,8.58,13.74,6.65
160,22,177.25,71.5,24.4,39.8,36.38,39.09,9.69,11.1,7.17
161,9.9,151.25,72.25,20.4,37.01,31.97,36.02,8.27,10.35,6.5
162,14.8,196,73,25.9,40.87,37.64,41.38,9.84,11.5,7.52
163,13.3,184.25,68.75,24.4,38.94,36.26,40.75,9.25,12.05,7.76
164,15.2,140,70.5,19.8,35.12,32.83,35.28,8.03,10.31,6.5
165,26.5,218.75,72,29.7,43.86,41.73,42.83,9.21,12.28,7.28
166,19,217,73.75,28.1,42.32,37.44,41.14,10.08,13.27,7.64
167,21.4,166.25,68,25.3,39.02,35.59,37.64,8.62,11.3,6.97
168,20,224.75,72.25,30.3,42.6,39.53,42.05,9.69,13.03,7.8
169,34.7,228.25,69.5,33.3,45.24,45.63,44.06,9.45,12.52,7.4
170,16.5,172.75,69.5,25.2,39.02,35.75,38.62,9.21,11.73,6.85
171,4.1,152.25,67.75,23.4,36.3,32.24,36.54,8.7,10.79,6.97
173,20.2,177.25,71,24.8,39.57,35.55,38.86,8.82,11.3,6.97
174,16.8,176.25,71.5,24.3,38.66,35.55,39.33,8.46,11.18,7.01
175,24.6,226.75,71.75,31,45.39,42.83,45.04,9.45,8.27,7.91
176,10.4,145.25,69.25,21.3,38.11,31.26,35.12,8.74,10.59,6.65
177,13.4,151,67,23.7,36.46,32.76,37.95,8.66,10.47,6.57
178,28.8,241.25,71.5,33.2,46.93,43.43,44.84,9.76,11.61,7.24
179,22,187.25,69.25,27.5,40.43,36.5,40.12,9.72,11.93,7.13
180,16.8,234.75,74.5,29.8,43.11,41.14,43.27,10.16,12.8,7.83
181,25.8,219.25,74.25,28,42.72,41.18,43.23,9.49,11.42,7.48
183,11.9,145.75,67.25,22.7,37.6,32.91,36.06,8.58,11.14,6.77
184,12.4,159.25,69.75,23,36.34,34.17,37.83,8.94,10.39,6.85
185,17.4,170.5,74.25,21.8,38.94,35.59,37.6,8.82,11.38,6.97
186,9.2,167.5,71.5,23.1,35.24,32.95,38.62,8.9,11.54,7.17
187,23,232.75,74.25,29.7,46.26,43.03,42.83,9.72,12.52,7.87
188,20.1,210.5,72,28.6,42.28,38.94,40.98,9.25,11.97,7.52
189,20.2,202.25,72.5,27,42.99,38.58,40.08,9.76,12.76,7.4
190,23.8,185,68.25,28,40.71,39.84,40.59,9.02,11.5,7.28
191,11.8,153,69.25,22.5,35.98,31.73,36.34,8.58,10.75,7.05
192,36.5,244.25,76,29.8,45.35,44.76,44.25,10.04,12.28,7.83
193,16,193.5,70.5,27.4,41.3,37.05,40.43,9.72,11.85,7.36
194,24,224.75,74.75,28.3,42.01,41.61,44.02,10.24,11.77,7.28
195,22.3,162.75,72.75,21.6,36.3,33.7,37.99,8.82,10.67,6.73
196,24.8,180,68.25,27.2,40,38.03,39.61,9.49,11.73,7.4
197,21.5,156.25,69,23.1,38.5,33.86,37.87,9.45,10.75,6.85
198,17.6,168,71.5,23.1,36.22,35.31,39.76,8.78,10.94,6.65
199,7.3,167.25,72.75,22.3,37.01,30.71,38.98,8.86,11.81,7.28
200,22.6,170.75,67.5,26.4,40.83,35.31,37.09,9.49,11.34,7.4
201,12.5,178.25,70.25,25.4,40.43,35.12,39.06,9.37,11.18,7.32
202,21.7,150,69.25,22,35.87,33.74,38.15,8.66,10.47,6.85
203,27.7,200.5,71.5,27.6,42.2,40.59,41.54,9.33,11.38,7.36
204,6.8,184,74,23.7,39.68,35.08,40.39,9.45,11.5,7.24
205,33.4,223,69.75,32.3,47.87,44.84,42.17,8.58,12.09,6.85
206,16.6,208.75,73,27.6,41.57,37.91,40.16,9.49,9.09,7.64
207,31.7,166,65.5,27.2,39.61,36.97,39.41,8.43,11.61,6.81
208,31.5,195,72.5,26.1,40.43,39.88,40.04,9.17,12.44,7.24
209,10.1,160.5,70.25,22.9,39.29,33.03,36.14,8.86,10.83,6.97
210,11.3,159.75,70.75,22.5,36.57,33.23,37.01,8.9,10.31,6.93
211,7.8,140.5,68,21.4,35.91,31.26,35.04,8.54,11.34,6.85
212,26.4,216.25,74.5,27.4,45.51,40.94,42.91,9.13,12.2,7.44
213,19.3,168.25,71.75,23,38.7,35.31,39.02,9.06,10.98,7.32
214,18.5,194.75,70.75,27.4,40.83,38.43,41.02,10.04,11.81,7.48
215,19.3,172.75,73,22.8,38.86,34.49,37.83,8.58,10.51,7.09
216,45.1,219,64,37.6,47.17,48.07,44.41,9.29,11.46,7.24
217,13.8,149.25,69.75,21.6,36.54,31.93,37.91,8.46,10.35,7.01
218,8.2,154.5,70,22.2,36.73,32.09,37.17,8.9,10.2,7.32
219,23.9,199.25,71.75,27.2,42.05,39.37,41.34,9.02,11.97,7.56
220,15.1,154.5,69.25,22.7,36.97,34.92,37.2,8.66,10.12,6.73
221,12.7,153.25,70.5,24.5,38.98,36.14,37.87,9.41,11.77,7.44
222,25.3,230,72.25,31,47.2,43.46,41.54,10.63,12.6,7.72
223,11.9,161.75,67.5,25,37.09,34.49,37.64,9.21,10.63,7.01
224,6.1,142.25,67.25,22.2,36.5,32.6,36.18,8.86,10.55,6.69
225,11.3,179.75,68.75,26.8,42.09,37.52,38.66,8.58,12.24,7.56
226,12.8,126.5,66.75,20,34.96,30.79,34.45,7.76,8.66,6.22
227,14.9,169.5,68.25,25.6,40.04,35.87,38.23,8.9,11.54,7.4
228,24.5,198.5,74.25,25.3,41.46,38.07,41.97,9.21,11.81,7.24
229,15,174.5,69.5,25.4,40.94,35.2,38.74,8.86,11.85,7.4
230,16.9,167.75,68.5,25.2,38.82,36.61,38.19,9.13,11.69,7.48
231,11.1,147.75,65.75,24.1,39.21,34.02,35.47,8.39,10.75,6.65
232,16.1,182.25,71.75,24.9,40.71,38.07,39.65,8.98,11.46,7.48
233,15.5,175.5,71.5,24.2,39.45,34.68,38.5,9.29,11.65,7.09
234,25.9,161.75,67.25,25.2,37.36,37.36,39.45,8.27,10.28,6.93
235,25.5,157.75,67.5,24.1,38.27,36.73,37.01,8.27,11.3,7.2
236,18.4,168.75,67.5,26.1,41.22,37.64,36.89,8.94,10.35,7.2
237,24,191.5,72.25,25.8,40.94,38.66,39.8,9.06,11.22,7.48
238,26.4,219.15,69.5,31.9,46.3,44.8,44.02,8.78,11.65,7.28
239,12.7,155.25,69.5,22.6,37.72,32.6,37.2,8.78,11.38,7.2
240,28.8,189.75,65.75,30.9,41.89,39.57,39.57,9.45,12.01,7.52
241,17,127.5,65.75,20.8,36.61,31.38,34.49,7.91,9.76,6.5
242,33.6,224.5,68.25,33.9,47.09,46.46,45,9.21,11.85,7.64
243,29.3,234.25,72,31.8,47.13,42.91,42.95,9.69,12.09,7.68
244,31.4,227.75,72.75,30.3,45.59,44.65,43.23,10,11.73,7.68
245,28.1,199.5,68.5,29.9,46.57,41.77,40,9.49,11.54,7.28
246,15.3,155.5,69.25,22.8,38.35,33.19,37.17,8.9,10.75,7.28
247,29.1,215.5,70.5,30.5,44.76,42.36,43.31,8.9,12.83,7.4
248,11.5,134.25,67,21.1,35.12,32.91,34.96,8.46,10.12,7.28
249,32.3,201,69.75,29.1,42.72,41.34,41.14,9.13,11.26,7.91
250,28.3,186.75,66,30.2,43.74,43.9,40.04,8.46,10.71,7.09
251,25.3,190.75,70.5,27,42.64,39.88,38.5,8.94,11.57,7.8
252,30.7,207.5,70,29.8,44.25,42.72,42.17,9.69,11.81,8.23
